IDVIAGGIO,IDFERMATA,LATITUDINEFERMATA,LONGITUDINEFERMATA,NOMEFERMATA,NUMEROAUTOBUS
0000158002019060920190915,12,40.35526,18.173727,Xxv Luglio - Prefettura,29
0000158002019060920190915,13,40.35215,18.173854,XXV Luglio-BPP,29
0000158002019060920190915,30,40.349286,18.172921,Lo Re'  -  Porta S. Biagio,29
0000158002019060920190915,34,40.358756,18.172888,De Pietro - Fronte Palazzo Di ,29
0000158002019060920190915,36,40.359848,18.171858,De Pietro,29
0000158002019060920190915,54,40.346233,18.166369,Quarta O. - Stazione,29
0000158002019060920190915,56,40.346544,18.170352,Gallipoli  - Museo S. Castrome,29
0000158002019060920190915,83,40.359501,18.169049,Calasso - Lato C. Pranzo,29
0000158002019060920190915,85,40.357181,18.167588,Parcheggio C.Pranzo,29
0000158002019060920190915,88,40.354602,18.166093,Dell'Universita'  - Liceo Palm,29
0000158002019060920190915,90,40.351532,18.164205,Dell'Universita'  - Porta Rudi,29
0000158002019060920190915,93,40.35065,18.163741,Gallipoli - Fronte Bar Rosso E,29
0000158002019060920190915,95,40.348873,18.166623,"Gallipoli, 16",29
0000158002019060920190915,197,40.363813,18.169829,Adriatica - Lato Scuola,29
0000158002019060920190915,210,40.365752,18.169432,Adriatica - Fronte Fermata 309,29
0000158002019060920190915,212,40.369129,18.168703,Adriatica - Caffetteria Fuori ,29
0000158002019060920190915,214,40.37345,18.169427,Adriatica - Fronte  Carrozzeri,29
0000158002019060920190915,215,40.376064,18.169557,"Adriatica, 178",29
0000158002019060920190915,218,40.382692,18.168894,Adriatica - Fronte Fermata 317,29
0000158002019060920190915,219,40.385424,18.168808,Adriatica - Outline,29
0000158002019060920190915,220,40.390284,18.166572,Fitto S. - Motorizzazione Civi,29
0000158002019060920190915,221,40.391451,18.167529,Fitto S. - Fine V. S.Fitto Fer,29
0000158002019060920190915,323,40.362015,18.168429,V.le P. d'Europa-Hotel Tiziano,29
0000158002019060920190915,378,40.369892,18.15976,"S. Nicola, 79",29
0000158002019060920190915,379,40.372542,18.159768,S. Nicola - Fronte Civ. 60,29
0000158002019060920190915,380,40.376647,18.156877,S. Nicola - Casa Circondariale,29
0000158002019060920190915,383,40.369463,18.156039,Calore -  Cooperativa,29
0000158002019060920190915,384,40.369515,18.157642,Granito - Chiesa,29
0000158002019060920190915,404,40.375147,18.17047,Sesia (fronte carrozziere),29
0000158002019060920190915,405,40.371814,18.17721,Pagano,29
0000158002019060920190915,406,40.376226,18.148061,Vallese (IPERCCOP),29
0000158002019060920190915,407,40.367269,18.162947,S.Nicola (fronte V. De Roma),29
0000158002019060920190915,408,40.363642,18.166465,S. Nicola (fronte ex macello),29
0000158002019060920190915,416,40.375722,18.148125,Via F.Vallese (lato Brico),29
0000158002019060920190915,420,40.369256,18.156659,Via Calore (fr. cooperativa),29
0000158002019060920190915,421,40.369406,18.157825,Via Calore (fr. Chiesa),29
0000158002019060920190915,422,40.369353,18.159933,Via Sinni,29
0000158142019060920190915,10,40.347338,18.168849,Gallipoli  - Intendenza Di Fin,22
0000158142019060920190915,11,18.176506,40.354472,"Cavallotti, 21",22
0000158142019060920190915,29,18.175635,40.356124,"Garibaldi, 35",22
0000158142019060920190915,31,40.347058,18.171617,"Otranto  - Bar Otranto, 11",22
0000158142019060920190915,32,40.348378,18.173386,Otranto - Piazza Italia,22
0000158142019060920190915,33,40.358655,18.173335,Palazzo di Giustizia,22
0000158142019060920190915,53,40.343768,18.172809,V.Le Marche-fronte INPS,22
0000158142019060920190915,57,40.345961,18.17107,Marche - Ex Onmi,22
0000158142019060920190915,58,40.343869,18.172539,Marche - Inps,22
0000158142019060920190915,59,40.345996,18.171234,Marche - fronte ex ONMI,22
0000158142019060920190915,60,40.342676,18.174977,Marche -  Clinica Villa Bianca,22
0000158142019060920190915,61,40.342531,18.175104,Marche - Fronte Villa Bianca,22
0000158142019060920190915,77,40.36223,18.177021,Leopardi - Dopo Incrocio Via D,22
0000158142019060920190915,81,40.361322,18.17054,Foscolo  - Fronte Api,22
0000158142019060920190915,82,40.361116,18.170543,"Foscolo  - Lato Api, 2",22
0000158142019060920190915,96,40.340211,18.176486,Leuca - Fronte Fontanina Acque,22
0000158142019060920190915,97,40.340167,18.176748,"Leuca - Fontanina Acquedotto, ",22
0000158142019060920190915,98,40.338145,18.177596,"Leuca, 210",22
0000158142019060920190915,99,40.338083,18.177389,"Leuca, 241",22
0000158142019060920190915,100,40.336118,18.17842,Leuca - Tra Civico 25 E Civico,22
0000158142019060920190915,101,40.335719,18.178406,Leuca - Tra Edicola (Civ. 34) ,22
0000158142019060920190915,102,40.332065,18.180008,Leuca - Subito Dopo Barbiere (,22
0000158142019060920190915,103,40.332004,18.180228,Leuca - Fronte Fermata 187 Su ,22
0000158142019060920190915,104,40.32953,18.18106,Leuca - Fronte Supermercato Md,22
0000158142019060920190915,105,40.328302,18.181888,Leuca  - Stazione Servizio Agi,22
0000158142019060920190915,106,40.326784,18.182151,Leuca  - Rivenditore Auto Usat,22
0000158142019060920190915,107,40.323845,18.183402,Leuca  - Tempi Nuovi - Distrib,22
0000158142019060920190915,175,40.362133,18.181309,"S. Domenico Savio, 66",22
0000158142019060920190915,177,40.362896,18.183021,"Dei Salesiani - Fronte Cinema,",22
0000158142019060920190915,180,40.363927,18.18489,Dei Palumbo - Fronte Campi Di ,22
0000158142019060920190915,181,40.365787,18.186913,D'Andrea - Pressi Edicola,22
0000158142019060920190915,182,40.366541,18.186241,Biasco - Fronte Civ. 33,22
0000158142019060920190915,183,40.368006,18.183902,Biasco - Fronte Civ. 43,22
0000158142019060920190915,186,40.366164,18.18128,"V. Frigole, (dopo c.le latte)",22
0000158142019060920190915,187,40.36319,18.178123,"V, Frigole, .. ",22
0000158142019060920190915,199,40.362822,18.171979,Po - Lato Chiesa,22
0000158142019060920190915,200,40.362905,18.171787,Po - Fronte Chiesa,22
0000158142019060920190915,201,40.364151,18.172672,Indipendenza - Macelleria,22
0000158142019060920190915,202,40.363901,18.172757,Indipendenza - Fronte Maceller,22
0000158142019060920190915,203,40.365204,18.173538,"Indipendenza, 24",22
0000158142019060920190915,204,40.365392,18.174064,Indipendenza - Fronte Dx Fonta,22
0000158142019060920190915,207,40.364432,18.175711,Basento - Fronte Fermata 308,22
0000158142019060920190915,208,40.36398,18.176015,"Basento, 1",22
0000158142019060920190915,324,40.362133,18.16858,Le-Br  - City Terminal,22
0000158282019060920190915,45,40.347856,18.173493,Leuca  - Istituto Magistrale,23
0000158282019060920190915,47,40.342943,18.17557,"Leuca  - Albergo Delle Palme, ",23
0000158282019060920190915,84,40.35983,18.169055,Calasso - Fronte C. Pranzo,23
0000158282019060920190915,86,40.357585,18.167687,Porta Napoli -  Lato Cimitero,23
0000158282019060920190915,87,40.354799,18.165827,Dell'Universita'  - Fronte Lic,23
0000158282019060920190915,91,40.351685,18.163915,Dell'Universita' - Fronte Port,23
0000158282019060920190915,92,40.350496,18.163604,Gallipoli - Bar Rosso E Nero,23
0000158282019060920190915,94,40.348764,18.166452,"Gallipoli - Case Incis, 9",23
0000158282019060920190915,233,40.357299,18.155723,S. Michele Arc. (case Magno),23
0000158282019060920190915,240,40.349251,18.161725,De Jacobis - Chiesa Dell'Idria,23
0000158282019060920190915,241,40.347913,18.159917,Rudiae - Dopo Sottopasso Verso,23
0000158282019060920190915,244,40.352304,18.149922,Gemito - Prima Della Rotatoria,23
0000158282019060920190915,246,40.35383,18.14735,Pellegrino - Fermata 346,23
0000158282019060920190915,249,40.354264,18.144327,Pellegrino - Fermata 349,23
0000158282019060920190915,250,40.355422,18.137186,"Lecce - Villa Convento, 7",23
0000158282019060920190915,251,40.355637,18.136712,Lecce - Villa Convento - Direz,23
0000158282019060920190915,252,40.358234,18.118656,Lecce - Villa Convento (352),23
0000158282019060920190915,253,40.358133,18.11825,Lecce - Villa Convento (353),23
0000158282019060920190915,254,40.359221,18.112393,Lecce - Villa Convento (354),23
0000158282019060920190915,255,40.358922,18.11249,Lecce - Villa Convento (355),23
0000158282019060920190915,256,40.360019,18.106897,Lecce - Villa Convento (356),23
0000158282019060920190915,257,40.359751,18.107026,Lecce - Villa Convento (357),23
0000158282019060920190915,258,40.362752,18.087703,Lecce - Novoli - Provenendo Da,23
0000158282019060920190915,259,40.362563,18.087414,Lecce - Novoli - Fermata 359,23
0000158282019060920190915,260,40.36373,18.081081,Lecce - Novoli - Ingresso Vill,23
0000158282019060920190915,261,40.363541,18.081018,Lecce - Novoli  Ingresso Villa,23
0000158282019060920190915,262,40.364133,18.078227,Lecce - Novoli - Prima Di Via ,23
0000158282019060920190915,263,40.363936,18.078066,Lecce - Novoli - Fermata 363,23
0000158282019060920190915,264,40.364791,18.074186,Lecce - Novoli - Prima Di Trav,23
0000158282019060920190915,265,40.364502,18.074119,Lecce - Novoli - Ristorante Ve,23
0000158282019060920190915,266,40.365304,18.070104,"Lecce - Novoli, 132",23
0000158282019060920190915,267,40.364989,18.071157,"Lecce - Novoli, 195",23
0000158282019060920190915,268,40.355655,18.152622,Della Repubblica - Parco Gioch,23
0000158282019060920190915,269,40.353308,18.153998,Birago D.  - Dopo Bivio Via Fi,23
0000158282019060920190915,270,40.351839,18.160627,"Birago D. , 32",23
0000158282019060920190915,273,40.34836,18.157183,Massaglia - Incrocio Via Vanvi,23
0000158282019060920190915,275,40.347119,18.15329,Monteroni (inc. V. Maccagnani),23
0000158282019060920190915,277,40.346158,18.150576,Monteroni,23
0000158282019060920190915,279,40.345198,18.147769,Monteroni - Fronte Caserma Nac,23
0000158282019060920190915,281,40.343132,18.141603,Monteroni - Villa Verde (381),23
0000158282019060920190915,283,40.339496,18.130499,Arnesano - Clinica Citta' Di L,23
0000158282019060920190915,284,40.339127,18.127449,Arnesano - Centro Tecnologico,23
0000158282019060920190915,285,40.339575,18.13238,Arnesano - Fronte Centro Villa,23
0000158282019060920190915,286,40.339465,18.135005,Monteroni - Dopo Incrocio Via ,23
0000158382019060920190915,23,40.355545,18.192245,Moro - Mercato Multietnico,25
0000158382019060920190915,41,40.355387,18.179628,Imperatore  Adriano - Chiesa D,25
0000158382019060920190915,43,40.356435,18.183825,"Del Mare - Edicola, 18",25
0000158382019060920190915,76,40.36133,18.179822,"Leopardi - Bar Yvonne, 84",25
0000158382019060920190915,78,40.36266,18.17594,Foscolo  - Marozzi,25
0000158382019060920190915,79,40.36266,18.172611,Foscolo  -  Lato Chiesa,25
0000158382019060920190915,113,40.355834,18.195417,Moro - Clinica Petrucciani,25
0000158382019060920190915,115,40.356067,18.199107,Potenza - Palazzo Regione,25
0000158382019060920190915,117,40.356321,18.20169,Potenza - Oltre Civ. 12,25
0000158382019060920190915,118,40.357001,18.204315,"Benevento , 15",25
0000158382019060920190915,120,40.35905,18.20396,Avellino  - dir. Via Torino,25
0000158382019060920190915,123,40.360471,18.204881,Torino - Fermata 223,25
0000158382019060920190915,125,40.360892,18.20195,Venezia (Fermata 225),25
0000158382019060920190915,128,40.360857,18.199345,Machiavelli - Lato Benzina,25
0000158382019060920190915,130,40.359339,18.198706,Verona - Fronte Cgil,25
0000158382019060920190915,132,40.35862,18.196946,"Bari - Complesso Staffa, 32",25
0000158382019060920190915,135,40.35862,18.194362,"Bari - Fronte Liceo Classico, ",25
0000158382019060920190915,136,40.358466,18.193088,Lupiae - Lato Benzina Api,25
0000158382019060920190915,137,40.357085,18.186478,"Della Liberta' , 77",25
0000158382019060920190915,139,40.357611,18.188185,Della Liberta'  - Vicino Tabac,25
0000158382019060920190915,142,40.358422,18.191275,Della Liberta'  - Super Mac,25
0000158382019060920190915,143,40.359015,18.193035,Della Liberta'  - Fronte Farma,25
0000158382019060920190915,145,40.35994,18.19388,Palio - Rotatoria Da S. Catald,25
0000158382019060920190915,146,40.360344,18.194131,Palio  - Ist. Tecnico G. Galil,25
0000158382019060920190915,149,40.363028,18.193476,Alessandria - Fronte Palazzett,25
0000158382019060920190915,150,40.363642,18.194283,"Agrigento , 2",25
0000158382019060920190915,151,40.362247,18.196582,"Siracusa, 34",25
0000158382019060920190915,154,40.362831,18.199751,Siracusa  - Fronte Scuola,25
0000158382019060920190915,156,40.363971,18.20191,Siracusa  - Fronte Ex Asilo Ce,25
0000158382019060920190915,157,40.364774,18.199889,Carrara - Scuola Elementare,25
0000158382019060920190915,159,40.366454,18.200975,Pistoia (Fronte chiesa),25
0000158382019060920190915,162,40.366471,18.203931,Lucca - Fronte Autolavaggio,25
0000158382019060920190915,164,40.36841,18.203772,Lucca - Poco Oltre Fronte Edic,25
0000158382019060920190915,165,40.365831,18.199335,V.le G. Paolo II° (dopo Rot.),25
0000158382019060920190915,166,40.365743,18.196847,Giovanni Paolo II - Pensilina ,25
0000158382019060920190915,168,40.363765,18.19127,V.le G. Paolo II° (vivaio),25
0000158382019060920190915,170,40.361962,18.188646,"Giovanni Paolo II, 65",25
0000158382019060920190915,171,40.36083,18.186762,"Giovanni Paolo II, 21",25
0000158382019060920190915,174,40.359624,18.184633,Giovanni Paolo II - Citta' Mer,25
0000158382019060920190915,239,40.357146,18.191211,Pitagora - Fronte Civ. 26,25
0000158382019060920190915,290,40.347058,18.160584,"Ducas, 14",25
0000158382019060920190915,291,40.343733,18.157609,S. Pietro In Lama (Euronics),25
0000158382019060920190915,292,40.341325,18.155415,S. Pietro In Lama -Fermata 392,25
0000158382019060920190915,293,40.339456,18.153616,S. Pietro In Lama -Fermata 393,25
0000158382019060920190915,294,40.338101,18.152454,"S. Pietro In Lama, 81",25
0000158382019060920190915,295,40.337114,18.152981,"Nocco, 2",25
0000158382019060920190915,296,40.337877,18.153603,"Indraccolo, 15",25
0000158382019060920190915,297,40.340474,18.156309,"Bruni, 8",25
0000158382019060920190915,298,40.336465,18.155458,"Lequile, 177",25
0000158382019060920190915,301,40.331526,18.158549,Muratore - Lato Ospedale,25
0000158382019060920190915,310,40.343921,18.170077,Realino B. - Fronte Incrocio V,25
0000158382019060920190915,315,40.337013,18.167952,S. Cesario - Fronte Stazione S,25
0000158382019060920190915,317,40.334421,18.167272,"S. Cesario - Farmacia, 112",25
0000158382019060920190915,319,40.330798,18.166099,"S. Cesario - Fronte Cerundolo,",25
0000158382019060920190915,321,40.330285,18.161802,Moscati - Oncologico,25
0000158382019060920190915,322,40.341219,18.169237,"S. Cesario, 22",25
0000158532019060920190915,1,40.347479,18.203844,City Moda,1
0000158532019060920190915,2,40.345522,18.199212,Merine - Fronte Autocarrozzeri,1
0000158532019060920190915,3,40.345259,18.194566,Merine - Angolo Via Micelli,1
0000158532019060920190915,4,40.346663,18.188775,Lecce Vernole - Fronte Distrib,1
0000158532019060920190915,5,40.347505,18.186148,Merine - Fronte Istituto Fermi,1
0000158532019060920190915,6,40.347365,18.184225,Rossini - Fronte Bar Antille,1
0000158532019060920190915,7,40.346851,18.18097,Torre Del Parco (dir. centro),1
0000158532019060920190915,8,40.347821,18.177915,"Don Minzoni  - Fronte Ex Inam,",1
0000158532019060920190915,9,40.349277,18.174614,"Otranto, 69",1
0000158532019060920190915,14,40.349251,18.173219,Italia - Fronte Bar Haiti,1
0000158532019060920190915,15,40.347694,18.177821,"Don Minzoni  -  Ex Inam, 8",1
0000158532019060920190915,16,40.346672,18.180837,Torre Del Parco (dir. City M.),1
0000158532019060920190915,17,40.34693,18.184285,"Rossini, 76 (ag. immobiliare)",1
0000158532019060920190915,21,40.351988,18.189796,"Gentile, 60",1
0000158532019060920190915,22,40.354918,18.191328,Pitagora - Mercati Generali - ,1
0000158532019060920190915,24,40.355234,18.194578,Abba,1
0000158532019060920190915,25,40.35226,18.195049,"Lodi, 32",1
0000158532019060920190915,26,40.351325,18.196194,"Della Cavalleria, 48",1
0000158532019060920190915,27,40.35172,18.203387,Alberto Sordi - Complesso Agav,1
0000158532019060920190915,108,40.351018,18.186547,"Gentile, 26",1
0000158742019060920190915,64,40.343404,18.178338,Rossini - Fronte Ex Galateo,21
0000158742019060920190915,222,40.357164,18.166707,"Taranto, 5",21
0000158742019060920190915,223,40.358962,18.161815,"Taranto, 77 (fronte posta)",21
0000158742019060920190915,224,40.360567,18.157309,"Taranto, 159",21
0000158742019060920190915,225,40.36205,18.153101,"Taranto - Fronte Corriere Dhl,",21
0000158742019060920190915,226,40.363344,18.149505,"Taranto - Anas, 267A",21
0000158742019060920190915,227,40.364182,18.146639,Taranto - Fronte Motel,21
0000158742019060920190915,228,40.362537,18.148978,"Gidiuli, 1",21
0000158742019060920190915,229,40.361124,18.149046,"Dorso, 8",21
0000158742019060920190915,230,40.361037,18.151759,Extrafallaces - Prossimita' Fr,21
0000158742019060920190915,231,40.361072,18.152682,Gidiuli - Dopo Via Extrafallac,21
0000158742019060920190915,232,40.359142,18.155548,Gidiuli  - Incrocio Viale Dell,21
0000158742019060920190915,234,40.354532,18.157329,"Toma, 69",21
0000158742019060920190915,235,40.353462,18.160333,Toma - Case Popolari Di Fronte,21
0000158742019060920190915,236,40.354808,18.159692,Delle Anime - Prima Di Svolta ,21
0000158742019060920190915,237,40.356058,18.161193,Pappacoda - Fronte Edicola - P,21
0000158742019060920190915,238,40.354593,18.164634,Pozzuolo - Fronte Civ. 19,21
0000158892019060920190915,211,40.368634,18.168509,Adriatica - Fronte Caffetteria,27
0000158892019060920190915,213,40.373244,18.169158,"Adriatica - Lato Carrozzeria, ",27
0000158892019060920190915,216,40.376226,18.169329,"Adriatica, 229",27
0000158892019060920190915,217,40.382854,18.168606,"Adriatica, 273",27
0000158892019060920190915,412,40.366274,18.169587,via v. Cuoco,27
0000158892019060920190915,413,40.36505,18.173496,Via Tevere (fr. fermata 303),27
0000158892019060920190915,414,40.375301,18.170322,Via Sesia (carrozziere),27
0000159242019060920190915,40,40.355396,18.176857,"Imperatore  Adriano , 4B",4
0000159242019060920190915,42,40.355492,18.179811,"Imperatore Adriano, 60",4
0000159242019060920190915,44,40.35647,18.183454,Del Mare   - Fronte Edicola,4
0000159242019060920190915,74,40.357874,18.183315,Leopardi - Subito Dopo Rotator,4
0000159242019060920190915,271,40.348799,18.162479,"Diaz, 38",4
0000159242019060920190915,299,40.336592,18.15573,"Lequile, 182",4
0000159242019060920190915,300,40.331938,18.158459,Muratore - Fronte Ospedale - S,4
0000159242019060920190915,302,40.339882,18.157476,Lequile (Fermata 402),4
0000159242019060920190915,303,40.341974,18.158706,Lequile,4
0000159242019060920190915,306,40.34386,18.159657,"Lequile, 68 (bowling)",4
0000159242019060920190915,307,40.346527,18.161056,"Lequile, 12",4
0000159442019060920190915,122,40.35958,18.206025,Cagliari,5
0000159442019060920190915,138,40.357299,18.18637,Della Liberta' - Fronte Bar L',5
0000159442019060920190915,140,40.357677,18.187623,Della Liberta'  - Fronte Tabac,5
0000159442019060920190915,141,40.358655,18.191172,Della Liberta'  - Fronte Super,5
0000159442019060920190915,308,40.34572,18.170365,"Realino B., 5",5
0000159442019060920190915,311,40.34357,18.168252,Massari O. - Fronte Case Popol,5
0000159442019060920190915,312,40.341176,18.162198,"Grassi, 124",5
0000159442019060920190915,313,40.33839,18.166928,Grassi - Concessionaria Renaul,5
0000159442019060920190915,314,40.336864,18.167698,S. Cesario - Vicinanze Stazion,5
0000159442019060920190915,316,40.33457,18.16704,"S. Cesario - Fronte Farmacia,",5
0000159442019060920190915,318,40.330986,18.165997,"S. Cesario - Cerundolo, 180",5
0000159442019060920190915,320,40.330574,18.161785,Moscati - Fronte Oncologico,5
0000159442019060920190915,431,40.361216,18.207123,P.za madre Teresa di Calcutta,5
0000159652019060920190915,243,40.351659,18.151359,Grassi  - Prima Di Rotatoria P,6
0000159652019060920190915,245,40.353966,18.147635,Pellegrino - Prima Del Negozio,6
0000159652019060920190915,247,40.352483,18.14984,Gemito - Fronte Fermata 344,6
0000159652019060920190915,248,40.354488,18.144471,Pellegrino - 100 Metri Prima D,6
0000159972019060920190915,63,40.343277,18.17841,Rossini - Ex Galateo,10
0000159972019060920190915,70,40.352593,18.185967,Japigia  - Dopo Incrocio Via B,10
0000159972019060920190915,71,40.355448,18.184871,Japigia  - Incrocio Via Lupiae,10
0000159972019060920190915,73,40.358168,18.183299,Leopardi - Prima Della Rotator,10
0000160182019060920190915,144,40.359615,18.195237,Della Liberta'  - Dopo Semafor,12
0000160182019060920190915,358,40.388012,18.298306,Colombo C. - Ingresso Da Lecce,12
0000160182019060920190915,359,40.388938,18.303256,Vespucci A. - Dopo Il Semaforo,12
0000160182019060920190915,360,40.387196,18.30387,Vespucci A. - Fronte Lido York,12
0000160182019060920190915,361,40.383986,18.304662,Vespucci A. - Ostello Della Gi,12
0000160182019060920190915,362,40.384174,18.305022,Vespucci A. - Fronte Ostello D,12
0000160182019060920190915,363,40.374511,18.313316,Vespucci A. - Fine V.Le A. Ves,12
0000160182019060920190915,364,40.375687,18.312334,Vespucci A. - Lato Stabiliment,12
0000160182019060920190915,367,40.387626,18.304497,Verrazzano G. - Dopo Svolta A ,12
0000160182019060920190915,368,40.390552,18.305667,Caboto - 50 Mt. Prima Del Taba,12
0000160182019060920190915,369,40.393806,18.301377,Lungomare Marinai D'Italia - L,12
0000160182019060920190915,370,40.394416,18.297868,Gioia F. - Dopo Darsena,12
0000160182019060920190915,371,40.391675,18.296167,Gioia F. - Fronte Civ. 12,12
0000160182019060920190915,372,40.390267,18.296019,"Ca' Da Mosto, 7",12
0000160182019060920190915,373,40.388209,18.297127,"Ca' Da Mosto, 31",12
0000160182019060920190915,393,40.360866,18.199062,sp Le-San Cataldo,12
0000160182019060920190915,397,40.384722,18.286164,san cataldo,12
0000160182019060920190915,402,40.377779,18.25996,villaggio del sole,12
0000160182019060920190915,403,40.360857,18.198729,sovrapasso dir lecce,12
0000160402019060920190915,75,40.360611,18.180729,Leopardi  - Poco Prima Incroci,13
0000160402019060920190915,109,40.351317,18.186521,"Gentile, 29",13
0000160402019060920190915,110,40.352321,18.190029,"Gentile, 47",13
0000160402019060920190915,111,40.355089,18.191185,Pitagora - Fronte Capolinea Su,13
0000160402019060920190915,112,40.355791,18.192123,Moro - Fronte Mercato Multietn,13
0000160402019060920190915,114,40.355997,18.195023,Moro - Fronte Clinica Petrucci,13
0000160402019060920190915,116,40.356229,18.198179,Moro - Subito Dopo Uscita Da V,13
0000160402019060920190915,119,40.356905,18.204004,Benevento  - Fronte Civ. 13 (F,13
0000160402019060920190915,121,40.359229,18.203796,Avellino - dir. Piazza Napoli,13
0000160402019060920190915,124,40.360282,18.204794,Torino - Fermata 224,13
0000160402019060920190915,126,40.360694,18.201778,Venezia,13
0000160402019060920190915,127,40.360782,18.199798,Machiavelli  - Lato Edicola,13
0000160402019060920190915,129,40.359238,18.199081,Verona - Lato Cgil,13
0000160402019060920190915,131,40.356519,18.201968,Potenza - Fronte Civ. 14,13
0000160402019060920190915,133,40.358387,18.196811,Bari - Fronte Civ. 32,13
0000160402019060920190915,134,40.358278,18.194269,Bari - Liceo Classico,13
0000160402019060920190915,147,40.361396,18.192523,Palio - Liceo Scientifico Banz,13
0000160402019060920190915,148,40.362896,18.193167,Alessandria - Lato Palazzetto ,13
0000160402019060920190915,152,40.36248,18.196776,Siracusa  - Fronte Fermata 251,13
0000160402019060920190915,153,40.362984,18.199947,Siracusa - Lato Scuola,13
0000160402019060920190915,155,40.363839,18.201673,Siracusa  - Lato Ex Asilo Cent,13
0000160402019060920190915,158,40.364853,18.199673,Carrara - Fronte Scuola Elemen,13
0000160402019060920190915,167,40.365511,18.196841,Giovanni Paolo II  - Fronte P.,13
0000160402019060920190915,169,40.363524,18.191513,Giovanni Paolo II- Prima Del ,13
0000160402019060920190915,172,40.360874,18.18739,"Giovanni Paolo II, 20",13
0000160402019060920190915,173,40.359085,18.184224,"Giovanni Paolo II, 2",13
0000160472019060920190915,415,40.384876,18.147636,Via C. De Giorgi (Giorgilorio),19
0000160472019060920190915,417,40.367449,18.16296,Via S.Nicola (ang. V. De Roma),19
0000160472019060920190915,418,40.369669,18.160007,Via S.Nicola (fr. Via Sinni),19
0000160612019060920190915,37,40.351593,18.176925,95° Regg. Fant.  - Fronte Civi,17
0000160612019060920190915,80,40.362528,18.172657,Foscolo  - Fronte Chiesa,17
0000160612019060920190915,188,40.364046,18.17678,"Giammatteo, 35",17
0000160612019060920190915,189,40.364269,18.176592,Giammatteo - Fronte Civ. 35 (F,17
0000160612019060920190915,190,40.367397,18.177086,Giammatteo - Fronte Scuola Sma,17
0000160612019060920190915,191,40.36737,18.176842,Giammatteo - Scuola Smaldone,17
0000160612019060920190915,192,40.370371,18.17786,Giammatteo - Dopo Via Tanagro,17
0000160612019060920190915,193,40.370414,18.177658,Giammatteo - Dopo V. Tanagro ,17
0000160612019060920190915,348,40.427905,18.254481,Lungomare Attilio Mori - Lido ,17
0000160612019060920190915,349,40.430006,18.252837,Lungomare Attilio Mori - Front,17
0000160612019060920190915,350,40.431932,18.250967,Lungomare Attilio Mori - Vicin,17
0000160612019060920190915,351,40.426405,18.255542,Lungomare Attilio Mori - Idrov,17
0000160612019060920190915,352,40.425506,18.239492,Frigole - Rosticceria,17
0000160612019060920190915,353,40.426585,18.240226,Frigole - Stazione Api,17
0000160612019060920190915,354,40.423918,18.237017,Giammatteo - Prima Di Entrare ,17
0000160612019060920190915,355,40.424058,18.236759,Giammatteo - Fronte Fermata 45,17
0000160612019060920190915,386,40.412075,18.202168,Lecce - Frigole (Zona Sau),17
0000160712019060920190915,356,40.415803,18.217504,Piave - Lato Caserma,17
0000160712019060920190915,357,40.41611,18.217576,Piave - Lato Chiesa,17
0000160712019060920190915,376,40.452889,18.209278,Case Simini,17
0000160712019060920190915,377,40.407408,18.213871,Zona Sau,17
0000160812019060920190915,198,40.363506,18.170161,"Fontana , 8",18
0000160812019060920190915,209,40.365572,18.169159,"Adriatica, 123",18
0000160812019060920190915,325,40.460004,18.194747,Lecce - T. Chianca (Ferm. 425),18
0000160812019060920190915,326,40.459784,18.195162,Lecce - T. Chianca (Ferm. 426),18
0000160812019060920190915,327,40.463908,18.19503,Lecce - T. Chianca (Ferm. 427),18
0000160812019060920190915,328,40.463219,18.195151,Lecce - T. Chianca (Ferm. 428),18
0000160812019060920190915,329,40.465798,18.195273,Lecce - T. Chianca (bar Simone,18
0000160812019060920190915,330,40.467702,18.192743,Lecce - T. Chianca - Lido Circ,18
0000160812019060920190915,338,40.481426,18.14343,Lecce Frigole S.Cataldo - Camp,18
0000160812019060920190915,339,40.480619,18.142201,Lecce Frigole S.Cataldo (439),18
0000160812019060920190915,340,40.480286,18.158898,Torre Rinalda (Torre),18
0000160812019060920190915,341,40.47979,18.159428,Lecce Frigole S.Cataldo (441),18
0000160812019060920190915,342,40.465166,18.180346,Lecce Frigole S.Cataldo (442),18
0000160812019060920190915,343,40.464969,18.180196,Lecce Frigole S.Cataldo (443),18
0000160812019060920190915,344,40.470684,18.176129,Lecce Frigole S.Cataldo - Nuov,18
0000160812019060920190915,345,40.470833,18.175637,Lecce Frigole S.Cataldo (445),18
0000160812019060920190915,346,40.475904,18.172057,Lecce Frigole S.Cataldo (446),18
0000160812019060920190915,347,40.475685,18.172057,Lecce Frigole S.Cataldo (447),18
0000160812019060920190915,387,40.385503,18.168521,Outline,18
0000161192019060920190915,242,40.347812,18.159688,Rudiae - Prima Sottopasso Vers,7
0000161192019060920190915,274,40.348251,18.157247,"Massaglia, 56",7
0000161192019060920190915,276,40.346851,18.153004,Monteroni - Acquedotto,7
0000161192019060920190915,278,40.345987,18.150471,Monteroni - Fronte Fermata 377,7
0000161192019060920190915,280,40.345145,18.147967,Monteroni - Caserma Nacci ,7
0000161192019060920190915,282,40.342636,18.140983,Monteroni - Villa Verde (382),7
0000161192019060920190915,287,40.339325,18.135003,Monteroni - Prima Incrocio Via,7
0000161192019060920190915,288,40.335074,18.12711,Monteroni - Carcere Minorile,7
0000161192019060920190915,289,40.333995,18.125134,Monteroni - Fronte Istituto Su,7
0000161192019060920190915,394,40.335469,18.112372,Ecotekne Fiorini,7
0000161192019060920190915,395,40.335408,18.119475,Ecotekne Economia,7
0000161192019060920190915,396,40.334938,18.115178,Ecotekne Ingegneria,7
